,X,Y
0,126.802626476664,37.5637581425
1,126.802635750161,37.5636752664633
2,126.800728729865,37.5657407472242
3,126.802959565705,37.571370299656
4,126.81027662560892,37.560664051991864
5,126.810317388908,37.5606569095237
6,126.810326105318,37.5607902708694
7,126.815275654237,37.5731129137479
8,126.82613879590866,37.55927211017624
9,126.823283529658,37.5586912336904
10,126.826770686382,37.5679189901699
11,126.82942153813794,37.566973201552315
12,126.82542331401592,37.568084590464295
0,126.832581225236,37.5227116796706
1,126.834581279779,37.5370440110294
2,126.835677062576,37.5471114986496
3,126.83579413712916,37.559718321373424
4,126.83524058088312,37.5598185518552
5,126.82613879590866,37.55927211017624
6,126.83582596009867,37.55970944576711
7,126.835099394429,37.5596877103269
8,126.835898454157,37.5596825166674
9,126.826770686382,37.5679189901699
10,126.82942153813794,37.566973201552315
11,126.844867858607,37.4958064620788
12,126.845690775733,37.4959661168675
13,126.845785061523,37.4963086222128
14,126.844872396832,37.4957992599908
15,126.84596749102872,37.497232391126765
16,126.840129840327,37.5116398068978
17,126.840919120824,37.5106713927385
18,126.840602002087,37.5300136784341
19,126.844692467228,37.5302497846189
20,126.84060089720867,37.52840629160393
21,126.841248917461,37.530115461867
22,126.840739845791,37.5290344766344
23,126.8387619190063,37.52972556336013
24,126.839771860951,37.5288304421544
25,126.84063852716007,37.529862359618484
26,126.841528806342,37.5411332630835
27,126.84348489096149,37.54723382971482
28,126.846016887643,37.5463974284513
29,126.836346849134,37.5595894354484
30,126.839462780795,37.5611254064705
31,126.83729286367583,37.56018630129635
32,126.839458284467,37.5611109844229
33,126.839866726473,37.5627648662821
34,126.836044714083,37.5595646893802
35,126.837291765183,37.5601709828509
36,126.846031559183,37.4974225868447
37,126.846085862329,37.4974118455387
38,126.852071790241,37.4989764304314
39,126.847315139173,37.5290422594383
40,126.846645575989,37.5289512918211
41,126.847098041424,37.5289843145128
42,126.846748994664,37.5292757863655
43,126.846623303617,37.5287782707311
44,126.84748756185715,37.52881633100799
45,126.854500120607,37.525025656355
46,126.846054292495,37.5304065397537
47,126.846748987291,37.5292793903592
48,126.846445531187,37.5294051363067
49,126.850506886828,37.5532832166842
50,126.846083760617,37.546894866614
51,126.851362664512,37.5531761774111
52,126.852545848165,37.5546156523075
53,126.847919273992,37.5457547791553
54,126.846192314125,37.5463832411122
55,126.846395475869,37.5471907998889
56,126.85009555188,37.5529817621162
57,126.851495850588,37.5533547424404
58,126.848300775038,37.5495863134374
59,126.852455452892,37.5545434596237
60,126.846852585179,37.5472202255676
61,126.862899231017,37.5321482075266
62,126.862894728594,37.5321355882921
63,126.863539186793,37.5509960479657
64,126.861539099936,37.545724682968
65,126.863584374493,37.5510393480678
66,126.859934125743,37.556815872378
67,126.867595137039,37.5330455562027
68,126.875901002936,37.5485661808494
69,126.867878866131,37.5569115255206
70,126.867688935588,37.5567959852443
71,126.867688935588,37.5567959852443
72,126.867688935588,37.5567959852443
73,126.86777160117,37.5567690479465
74,126.867688935588,37.5567959852443
75,126.883356292474,37.501988385153
76,126.88270893874096,37.49867024162039
77,126.883351751959,37.5019991927335
78,126.88535931226089,37.5063277841408
79,126.880763537681,37.513788954349
80,126.885358167493,37.5063367930767
81,126.88538544899,37.5062467190811
82,126.885467249038,37.5060053291567
83,126.885449109231,37.5060341437188
84,126.885353627001,37.5063476007262
85,126.882580331463,37.5237414488898
86,126.88393368983185,37.52634478976007
87,126.87864876808253,37.54915919048632
88,126.878151774356,37.5478945782355
89,126.87863176578587,37.54917629197519
90,126.878665735319,37.5491637129129
91,126.87817451960032,37.54782522483702
92,126.891154543161,37.5024102903274
93,126.891095588203,37.5025111485877
94,126.89111314926,37.5028787749336
95,126.892370397838,37.4999750854163
96,126.890823313578,37.4968814133708
97,126.893371808,37.514683992595
98,126.889313316077,37.5085858686884
99,126.890229441901,37.5070442038838
100,126.890501345237,37.5067273026094
101,126.890701273767,37.5216408981788
102,126.890373810635,37.5227830656041
103,126.892991111647,37.5214700025444
104,126.893369463406,37.5385857621445
105,126.8930480210647,37.53865755144397
106,126.89336956604737,37.538513682251214
107,126.8930525212392,37.53867557551566
108,126.902633705211,37.5074803537746
109,126.902642729867,37.5074983813058
110,126.904313298074,37.5171909444178
111,126.901808706301,37.519080995154
112,126.903698074926,37.5206142554423
113,126.903517044896,37.520642939784
114,126.90470444646886,37.51915184322373
115,126.904598179126,37.5173245233304
116,126.904263513485,37.5172017161137
117,126.89872670675135,37.53462878026919
118,126.90099137175442,37.53410181333119
119,126.898774220182,37.5346333260075
120,126.898751543115,37.5346693465859
121,126.898961735824,37.5365327952619
122,126.89606456668915,37.53701141501798
123,126.89698380484,37.536650018434
124,126.90291756725104,37.55375960822762
125,126.903622531445,37.5547080351253
126,126.902913073152,37.5537343766005
127,126.915933921634,37.5038432996876
128,126.915902020484,37.5040523102032
129,126.911882647019,37.5174815509817
130,126.90928157127733,37.51699304011284
131,126.91201256523036,37.517622204327914
132,126.909004957728,37.5174973891216
133,126.9075566532773,37.51783774464644
134,126.913439008943,37.517580010177
135,126.9101043895573,37.51848663139418
136,126.910370625982,37.5181435515697
137,126.911199854277,37.5171206383392
138,126.910117481975,37.5179451385244
139,126.90639283654285,37.51862160166609
140,126.90860157728564,37.518061105613064
141,126.908284376269,37.5184482910344
142,126.908680673806,37.5199875110321
143,126.90854445371735,37.51852417695276
144,126.911471318265,37.5171316541572
145,126.90638797642087,37.518890096691514
146,126.908122375515,37.5177237586695
147,126.907197990382,37.5188186556714
148,126.907171145688,37.5185735617715
149,126.908157477275,37.5186175809899
150,126.9078448961918,37.51800375445991
151,126.908347920321,37.5182861598169
152,126.907136019984,37.5177085712385
153,126.908786814545,37.5182864995706
154,126.912049890363,37.5176249351365
155,126.909281584366,37.5169822280841
156,126.908535415321,37.518515159924
157,126.90794129659254,37.517799301934566
158,126.910334070657,37.5184426568337
159,126.909166233752,37.5262912974877
160,126.910510225147,37.5490011295794
161,126.910736706817,37.5488715572442
162,126.910161932529,37.548791833483
163,126.911122253617,37.5482051092411
164,126.914651242197,37.5496763400989
165,126.91075028641,37.5488715675091
166,126.913317508324,37.5639201338019
167,126.91169802036,37.555114393467
168,126.91531667013795,37.56965912499782
169,126.921605367677,37.5138519541717
170,126.923636132491,37.5100978995035
171,126.92363157709032,37.510128530707014
172,126.923201769623,37.5101372620882
173,126.92376721121812,37.51021871875596
174,126.923671159183,37.510133061313
175,126.916907435983,37.5111997910774
176,126.91855911781809,37.52130749658364
177,126.918524982435,37.5214903765721
178,126.918661296049,37.5209678889936
179,126.921932128098,37.5302612287538
180,126.91726059106,37.527353219561
181,126.92067301553622,37.53018290361662
182,126.92052233557371,37.53038102258884
183,126.91967015103909,37.52958215885772
184,126.919667844184,37.5275134577772
185,126.921575307659,37.5296050633776
186,126.917297536944,37.5266792961296
187,126.921959269278,37.5302720587073
188,126.91914747182463,37.52538854032405
189,126.92198284936505,37.53044326452721
190,126.921950180908,37.5303080927523
191,126.921968301322,37.5302900847009
192,126.925940016173,37.5250398022316
193,126.922167337483,37.5292801935236
194,126.921960396875,37.5302756634575
195,126.920524592545,37.5303864301152
196,126.92170389356893,37.529975460250334
197,126.921963775913,37.5302900817107
198,126.92195473917585,37.53027656072007
199,126.924878742857,37.5251778862954
200,126.921742934533,37.5294249742927
201,126.917256008106,37.5274054744485
202,126.921250159395,37.528959729994
203,126.92129460312817,37.55448777912303
204,126.920531425387,37.5537980047586
205,126.919748805482,37.5533109366702
206,126.917563905032,37.5519074788213
207,126.918183623823,37.5523115569246
208,126.916878493774,37.5535972701997
209,126.921598666209,37.5548402714543
210,126.921344497204,37.5543941086227
211,126.917631766103,37.5519435660974
212,126.91975785522,37.5533145468116
213,126.921050242832,37.5479643899653
214,126.91770310847,37.5519012689399
215,126.92196806365828,37.55440353234486
216,126.921250523959,37.5544327888804
217,126.922055870223,37.5461585556384
218,126.921290108475,37.5544571422094
219,126.921205357724,37.5543354510087
220,126.921284502009,37.554407583605
221,126.92192860019942,37.55426295063244
222,126.92124373744879,37.55442918036363
223,126.923337026545,37.5548089770293
224,126.918766971596,37.5570367907327
225,126.921561552027,37.5556979963801
226,126.92246520784863,37.555186826703
227,126.92037111117,37.5555602479343
228,126.923554203377,37.5637830464493
229,126.923795554613,37.5579663683741
230,126.92437071632,37.5577468949076
231,126.918753163565,37.557245812571
232,126.921629399592,37.5557521012766
233,126.924154436142,37.5567412433353
234,126.919732008586,37.5647499814854
235,126.92129220306,37.5578457945147
236,126.916797382779,37.5573345502698
237,126.921570643689,37.5556619625239
238,126.92249120867827,37.55521477469563
239,126.92548206047893,37.56007217359277
240,126.921443840101,37.5557087300909
241,126.91848048605111,37.55717534684403
242,126.922665716377,37.5593810999401
243,126.921670142129,37.5557521283125
244,126.918640109073,37.5571340110759
245,126.925363843354,37.565121282485
246,126.93358814537227,37.50125243998968
247,126.93352483334,37.5012307802409
248,126.933551988051,37.5012163794258
249,126.92706382679941,37.514112236908105
250,126.930390291324,37.5203374740417
251,126.927577128178,37.5190239223083
252,126.926742841266,37.52542773382
253,126.9290916051326,37.52518769877941
254,126.92911422723152,37.52519131636754
255,126.929114227232,37.5251913163675
256,126.926747228948,37.5255682928589
257,126.929114227232,37.5251913163675
258,126.92996874006433,37.545212058748625
259,126.93554611464394,37.55474779714668
260,126.935388756318,37.5534935223452
261,126.935850268856,37.5537532613461
262,126.93507628739773,37.55363030260966
263,126.93599794402829,37.55310642505946
264,126.93579165816234,37.55347572217251
265,126.9356107066,37.553335067975
266,126.935655488166,37.5539009189915
267,126.92673403106848,37.557560076670406
268,126.935768771803,37.5590438734966
269,126.926677093789,37.5613811689171
270,126.940473265193,37.5096606862364
271,126.939768451417,37.5112857408759
272,126.939770858913,37.5195497474737
273,126.94021634384629,37.51980585865069
274,126.940318093936,37.5198779903463
275,126.939558930551,37.5186378241018
276,126.939861322341,37.5195894377017
277,126.936243995526,37.5538796142862
278,126.93628564984526,37.552807449361936
279,126.936321401759,37.55335077036
280,126.936149220986,37.5535407879132
281,126.936013188481,37.5538074096131
282,126.936384970784,37.5531228521728
283,126.936715859258,37.5526112631756
284,126.94257524584877,37.5562218529393
285,126.94263556440305,37.55725983118457
286,126.937382888804,37.5561146977415
287,126.938319645263,37.5565116296625
288,126.94337259817839,37.556919609999426
289,126.937672290829,37.5565040817317
290,126.942122088033,37.556816289933
291,126.937369310904,37.5561110865503
292,126.93792079423,37.5570844549131
293,126.941334328122,37.5568915849224
294,126.938056918396,37.5567061075454
295,126.939519366245,37.5564293585435
296,126.942279652319,37.5579588315527
297,126.938206596841,37.55635840100107
298,126.937884766453,37.5568573846517
299,126.942483625954,37.5576273641343
300,126.93802502936,37.556947558087
301,126.937618087055,37.5563598935291
302,126.937694838787,37.5566086093234
303,126.938355956234,37.5563963209642
304,126.939786183234,37.5567718739048
305,126.938084172882,37.5565943981724
306,126.93790114635453,37.55621227917116
307,126.93966417330138,37.55649971042436
308,126.93770546706214,37.556077026482974
309,126.93940963704415,37.55636713346656
310,126.93801879778262,37.55627270781531
311,126.9397083819218,37.556412336263136
312,126.938391694444,37.5569765818918
313,126.93801183042683,37.556486240533324
314,126.942117446722,37.5569640512159
315,126.937704210813,37.5562265913885
316,126.93759101830894,37.556248155549945
317,126.940506021125,37.5567181789738
318,126.942493264478,37.5568669271483
319,126.942484127341,37.556975042374
320,126.94968259053644,37.542776792633845
321,126.948371439977,37.5406913134783
322,126.95134483219604,37.542766677233935
323,126.95042820650492,37.54459172069758
324,126.950075630423,37.5438815847338
325,126.952772817612,37.5445926816891
326,126.948371387791,37.5407669974388
327,126.948362392868,37.540684101524
328,126.948362392868,37.540684101524
329,126.948371449918,37.5406768974857
330,126.948353315929,37.5407201375468
331,126.948405389625,37.5406850213176
332,126.950373793242,37.5447394617123
333,126.95039197480249,37.54462414145371
334,126.95124351933572,37.54282790341216
335,126.948362392868,37.540684101524
336,126.948392135067,37.54185721616
337,126.950550223139,37.5448836955968
338,126.94836579174712,37.54067779601159
339,126.948375958563,37.5407021274514
340,126.95012942666469,37.54466007083188
341,126.948298219515,37.5418553730794
342,126.951334597957,37.5428441589732
343,126.948362385412,37.5406949135185
344,126.950313855843,37.5446853765557
345,126.95089863666774,37.54505322882973
346,126.95064293434632,37.54500176527556
347,126.962211427896,37.5240352405236
348,126.962333524108,37.5241938559458
349,126.96320765235726,37.53178957663411
350,126.96091758513,37.5321005873925
351,126.961763870598,37.532075636391
352,126.962786772507,37.5318056627849
353,126.962764139611,37.5318164676656
354,126.96440893742437,37.52752460345864
355,126.96294969600348,37.53179490199585
356,126.96247218586758,37.531933505408986
357,126.96276413782,37.5318200716698
358,126.963133716019,37.5348944029479
359,126.96250614344339,37.531901080151755
360,126.956043771757,37.5318033455357
361,126.96294967461,37.5318381500473
362,126.962488031476,37.5319208964264
363,126.962483498745,37.5319353110057
364,126.956567413799,37.5418767240192
365,126.961224641282,37.5508919388902
366,126.956552467448,37.5520327778649
367,126.9646316640898,37.563752042230355
368,126.964631662386,37.5637556462151
369,126.96434593237,37.5648079238914
370,126.971195111143,37.5319341531311
371,126.967009566421,37.5306752602642
372,126.970159228318,37.5307806142672
373,126.970683838289,37.5316529149369
374,126.972150984343,37.5414417395486
375,126.972336774942,37.5408435193466
376,126.97219662796161,37.54041100648808
377,126.971739007052,37.5417155455924
378,126.972454205647,37.5415138906494
379,126.973521383041,37.5442856093476
380,126.972065593119,37.5428544868339
381,126.973480529261,37.544617167923
382,126.972922596708,37.5510636875957
383,126.9715802720965,37.54554295305186
384,126.97410261476506,37.55196224752896
385,126.974155954774,37.5548022047148
386,126.972255387116,37.5528375980695
387,126.973206061684,37.5526936579412
388,126.97381761635111,37.55466788151224
389,126.969513856429,37.5486743097701
390,126.972271600327,37.5457305252305
391,126.97214884192145,37.547200926694835
392,126.972144316827,37.5471973216319
393,126.971588190447,37.5455501629504
394,126.97188584385984,37.56048878084385
395,126.97548669011121,37.555326869140345
396,126.96980700974122,37.562548846946584
397,126.973881722128,37.5623056486019
398,126.968488793719,37.5643369803049
399,126.974865882017,37.5571701795066
400,126.968232189307,37.5608951048594
401,126.96815265129,37.5563072060623
402,126.975491210546,37.5553466920269
403,126.967532058644,37.5572188464148
404,126.966226424631,37.5613090066375
405,126.972067049122,37.5601788809302
406,126.97217922322,37.5628855014629
407,126.969099177448,37.5581130562466
408,126.967785493802,37.5574027192882
409,126.969093517091,37.5581166587539
410,126.972033063315,37.5602635665921
411,126.974861370718,37.5571233266833
412,126.969729987332,37.5626902836773
413,126.97596409188525,37.562962016368786
414,126.97196280084256,37.56050501708698
415,126.972044322803,37.5604203427138
416,126.975491205825,37.5553611079881
417,126.975018317739,37.5616139291585
418,126.966804196914,37.5651870590594
419,126.975404685018,37.5706816338885
420,126.967922459538,37.5652702598306
421,126.975259796015,37.5706743956516
422,126.974267573234,37.5724833818173
423,126.975400187981,37.5705879294402
424,126.975372982907,37.5707032511665
425,126.975413740729,37.5706816357747
426,126.975354886916,37.570656395635
427,126.97007623657,37.5685864901221
428,126.975400038039,37.5706996528261
429,126.975377509578,37.5707068560919
430,126.975377509578,37.5707068560919
431,126.975394502677,37.5706654138514
432,126.97539903557,37.570650097876
433,126.975400151235,37.5706996528496
434,126.97543637764129,37.570688848449244
435,126.975363934315,37.5706816253916
436,126.97540015242,37.5706960488687
437,126.97604193665185,37.553146568410284
438,126.97948729970663,37.559682151965866
439,126.978464537203,37.5583529991481
440,126.980288961525,37.5583569218101
441,126.980909110327,37.5586129069075
442,126.980918263836,37.5582236776064
443,126.9796835344275,37.55808471802881
444,126.980760453242,37.5557423051645
445,126.97967785158,37.5581730147784
446,126.9806239200785,37.558540780677724
447,126.979736465729,37.5590523980675
448,126.97951098357065,37.55998849504433
449,126.978541493936,37.5583674291146
450,126.980940785519,37.5586705758421
451,126.97989038067011,37.55908305828344
452,126.97954160997703,37.559740726192615
453,126.977165733992,37.5567886237909
454,126.97858218635369,37.5585476359369
455,126.97946240881585,37.55965061274432
456,126.97882225231912,37.55809357665728
457,126.979451088865,37.5596578187506
458,126.97854600658,37.5584178857766
459,126.979786039011,37.5598867298014
460,126.978645592798,37.558453943717
461,126.97854600658,37.5584178857766
462,126.985436022064,37.5597127685162
463,126.981751359604,37.557776914675
464,126.98205038494258,37.5567831604322
465,126.98243522795137,37.55658409787493
466,126.981719782773,37.5573155991665
467,126.984965221588,37.5595757579598
468,126.98512850391697,37.558047687519085
469,126.985440546451,37.559727185026
470,126.985436021363,37.559716372504
471,126.985377131235,37.5599037725949
472,126.976938008129,37.5612503170701
473,126.97691073097519,37.56161791839677
474,126.976426385174,37.5613763555678
475,126.978001677468,37.5620758330026
476,126.97665590745156,37.562138644346945
477,126.977992622798,37.5620758313152
478,126.976883696297,37.5611998506313
479,126.9775740160669,37.56150271867081
480,126.97822360499944,37.561773139274074
481,126.9778160155889,37.562214551740375
482,126.977806963575,37.5622055400733
483,126.97648527509196,37.56126464371713
484,126.977486043868,37.5604719616122
485,126.977621557033,37.5614883117441
486,126.978780385233,37.5620543516072
487,126.978689758489,37.5623354462225
488,126.979369288435,37.5607858526039
489,126.979428159622,37.5607245950926
490,126.97811069981492,37.56469234685201
491,126.978377137967,37.5631426822577
492,126.978078349656,37.5630741514274
493,126.977222796998,37.5626631350721
494,126.977747742057,37.5634362901449
495,126.976298882304,37.5637081090864
496,126.978426469615,37.5647716926412
497,126.978078367608,37.563012883671
498,126.977870180077,37.5627677737871
499,126.978105052051,37.5646527019712
500,126.978065400577,37.5647752300957
501,126.978082409316,37.5646707176943
502,126.978159347221,37.5647716435277
503,126.977914892109,37.5646706864769
504,126.980056449689,37.5644692445028
505,126.980776499589,37.5637665868218
506,126.978671120976,37.5641878915245
507,126.978548876378,37.5641986813324
508,126.9800904144209,37.56443681437021
509,126.979944548662,37.563894389911
510,126.98004286172093,37.564489965120416
511,126.980097204679,37.5644404195001
512,126.98016963334433,37.56448187751539
513,126.980183215309,37.5644836817884
514,126.980183215309,37.5644836817884
515,126.980097205638,37.5644368155153
516,126.980092667611,37.5644764585853
517,126.98002376331445,37.5639529681024
518,126.980097204679,37.5644404195001
519,126.980183215309,37.5644836817884
520,126.98018321530917,37.564483681788396
521,126.980056449689,37.5644692445028
522,126.980142457459,37.564523318775
523,126.979359176015,37.564620492026
524,126.98012550907744,37.564411592387984
525,126.980101732157,37.5644404202633
526,126.97892899654076,37.564861883017926
527,126.980097204679,37.5644404195001
528,126.98006550753,37.5644584340775
529,126.98015832659081,37.564436825803085
530,126.981922286996,37.562335985428
531,126.982954999217,37.5602458265977
532,126.984211134416,37.5610496904418
533,126.98420995620218,37.56126953349429
534,126.984186092731,37.561720028656
535,126.984430656916,37.5612911867261
536,126.983701976339,37.5603144078375
537,126.983588657287,37.5609450899306
538,126.98472023736,37.562103923564
539,126.98452125188,37.5610533354932
540,126.984512197333,37.5610533343058
541,126.984521247407,37.5610749594153
542,126.98452125188,37.5610533354932
543,126.98539034480554,37.56178865956094
544,126.984322054118,37.5610424972486
545,126.98452125188,37.5610533354932
546,126.9836248714776,37.56096311489472
547,126.984244919729,37.5618533840274
548,126.984260373439,37.5610262710999
549,126.984195150403,37.561705613922
550,126.98529524208892,37.56193641120608
551,126.983062760059,37.5641886032246
552,126.981731553918,37.5647290024987
553,126.98106175278102,37.56366932531544
554,126.9819805296151,37.56488085862158
555,126.981079704825,37.564292817652
556,126.98179038022052,37.56485695304746
557,126.98560265367243,37.56425741599385
558,126.984960078632,37.5626391463274
559,126.98526076598937,37.56458173246226
560,126.98506827946,37.5649240868361
561,126.9842013656465,37.56443203007341
562,126.985014198436,37.5636807051139
563,126.984529538849,37.5647654421396
564,126.985387621855,37.5641402600568
565,126.985412520427,37.5641528770841
566,126.985965155301,37.5626356660969
567,126.985349125387,37.5642069290123
568,126.9856071853,37.5642357926354
569,126.983842506987,37.5646914684248
570,126.985598126205,37.5642574154417
571,126.98514190102713,37.56467452017502
572,126.985584532692,37.564315077545
573,126.985598126899,37.5642538114566
574,126.985163837409,37.5625022206325
575,126.985009434138,37.564862811638
576,126.985607186687,37.5642285846652
577,126.985607181833,37.5642538125608
578,126.985598127593,37.5642502074715
579,126.985656973606,37.5643078783975
580,126.985580003137,37.5643258889472
581,126.985602653672,37.5642574159939
582,126.985589057386,37.5643294940378
583,126.985598120655,37.5642862473222
584,126.98560378571263,37.564256515135604
585,126.98096285561193,37.565341558443954
586,126.980992840284,37.5653818378015
587,126.979386068845,37.5656079885064
588,126.97901890476,37.5671504289061
589,126.98098436963745,37.56530912605071
590,126.980961724646,37.5653379542771
591,126.98100246603234,37.56536318873118
592,126.980957193444,37.5653523694842
593,126.980957195279,37.5653451615156
594,126.98096624576,37.5653631828974
595,126.979404160188,37.5656764673652
596,126.98094814847315,37.56531272419569
597,126.979390583486,37.5656548410903
598,126.98095266223982,37.56536678469113
599,126.980785124957,37.5654388372316
600,126.979431338388,37.5656296203077
601,126.978910203752,37.5672837569209
602,126.980970774211,37.5653595796429
603,126.980893807055,37.5653559632278
604,126.98095719344373,37.565352369484216
605,126.980961719143,37.565359578183
606,126.978896625885,37.5672657345782
607,126.980993407302,37.565377603211
608,126.98094813011629,37.56538480388213
609,126.978923787718,37.5672801553634
610,126.98096172005997,37.565355974198724
611,126.98093908055519,37.5653631785147
612,126.979431338388,37.5656296203077
613,126.980970772377,37.5653667876115
614,126.980957193444,37.5653523694842
615,126.980943611762,37.5653487633083
616,126.980957193444,37.5653523694842
617,126.97666876369107,37.56809513241336
618,126.977959215612,37.567899864316
619,126.9781765109669,37.56801523213501
620,126.976252316329,37.5677769978917
621,126.97803615667,37.5680007901754
622,126.97819909797069,37.568191831463764
623,126.976609888104,37.5681446755263
624,126.976628019183,37.5680798074275
625,126.97837109319255,37.568390983141036
626,126.976623412643,37.5683320853041
627,126.976627980896,37.5682023428329
628,126.97673783576289,37.5680158584221
629,126.97792974310902,37.568044018123956
630,126.976637042499,37.5681825227216
631,126.97662342278,37.5682996494625
632,126.978162932092,37.5680008136928
633,126.976647247274,37.5681266630083
634,126.976646060213,37.5683032579254
635,126.976642724637,37.5681104441913
636,126.98101547127872,37.567638205575264
637,126.98599790481397,37.569077791712914
638,126.98371450604982,37.56514735490825
639,126.98373710193508,37.5653392702002
640,126.984628137356,37.5696632683864
641,126.984800340018,37.5689424942689
642,126.985484063964,37.5687695891642
643,126.98478902577126,37.56891726493565
644,126.982034396731,37.5668085478651
645,126.981138195734,37.5657452328343
646,126.981364675044,37.565338018568
647,126.983229597534,37.5672159738242
648,126.983352192882,37.5656482582137
649,126.985466682626,37.5650142361693
650,126.98114464233043,37.56711294572004
651,126.981006998141,37.565345169538
652,126.98112801373,37.5657254092939
653,126.982305823002,37.5677852683272
654,126.982840706056,37.5650967753579
655,126.981006998141,37.565345169538
656,126.981006998141,37.565345169538
657,126.983658943423,37.5650892329788
658,126.981799345353,37.5652263628578
659,126.98100699814147,37.56534516953803
660,126.98100699814147,37.56534516953803
661,126.981898906447,37.5654101813736
662,126.981006998141,37.565345169538
663,126.981006998141,37.565345169538
664,126.980466736668,37.5710321661356
665,126.981150062819,37.5725531570025
666,126.983578894622,37.5744834508474
667,126.981063421818,37.5749606013257
668,126.984265303467,37.5725644252569
669,126.98333694916006,37.5731048948572
670,126.985307144401,37.5704886666311
671,126.984763274445,37.5730834636857
672,126.984731520308,37.5733681739768
673,126.983323368165,37.5730913780154
674,126.98405590175483,37.57248510959924
675,126.98539285952461,37.57209605272871
676,126.981440248159,37.5709602435767
677,126.984197377824,37.5725932480244
678,126.984197377824,37.5725932480244
679,126.984210963261,37.5725860418821
680,126.989799992867,37.4950248911477
681,126.993107954052,37.5285641152689
682,126.99382922164689,37.53486665907075
683,126.990763481265,37.5315048241753
684,126.99163888516333,37.53399345447599
685,126.990863052967,37.5314147317896
686,126.993831487683,37.5348279161549
687,126.990813269577,37.5314399559644
688,126.99077139476162,37.53155437986546
689,126.99312379809317,37.52850465007631
690,126.993564472111,37.5348279019059
691,126.990953685343,37.5303984091917
692,126.995822999903,37.5310690268542
693,126.993107953887,37.5285659172724
694,126.99315293371,37.5315554429554
695,126.990768008973,37.5314868045032
696,126.9937364554762,37.53474141507558
697,126.994000071786,37.5347999938155
698,126.993546380541,37.5346981568023
699,126.993736449448,37.5348134951397
700,126.993736449448,37.5348134951397
701,126.993107954052,37.5285641152689
702,126.993107954052,37.5285641152689
703,126.9938201772556,37.53478196452273
704,126.99309211663338,37.52855150031906
705,126.994003479397,37.5346333088378
706,126.99377039104947,37.53482611094624
707,126.990410461916,37.5317498683876
708,126.993980833348,37.5348531518837
709,126.986205809524,37.5588190718841
710,126.993218556083,37.5565095258442
711,126.98938797624,37.5617206108089
712,126.98698855837377,37.561384298991165
713,126.990831861214,37.5643984932914
714,126.98794833456951,37.561446569636125
715,126.986010627113,37.5615760994689
716,126.986277904015,37.5606715300781
717,126.98731454106864,37.56128071984095
718,126.9880772809879,37.5619583488441
719,126.988319482918,37.5620232448122
720,126.990641938041,37.5625532377345
721,126.990419995206,37.563349700835
722,126.987002324165,37.5603256292533
723,126.987156019819,37.5616663292976
724,126.987789504493,37.5637422925173
725,126.987663031648,37.5619510983117
726,126.989881450522,37.5617422780525
727,126.98991326271,37.5608448880143
728,126.987821484012,37.5619763426685
729,126.990433576983,37.563353305922
730,126.986748526128,37.561868107519
731,126.98797097293873,37.561434858987376
732,126.987984567417,37.5613564736561
733,126.987952857224,37.5614754019927
734,126.98722174060666,37.56122845202211
735,126.98795852490343,37.561422243764305
736,126.987970982644,37.5613744922075
737,126.987373390936,37.5613095580452
738,126.986979506766,37.5613671790554
739,126.99073790694221,37.56447236765198
740,126.98928501327008,37.56148724336428
741,126.98697497257218,37.56140682241139
742,126.99078660199,37.5642723502886
743,126.995721512747,37.5647916061048
744,126.992615865647,37.562585813567
745,126.991149302122,37.560023277988
746,126.991294081463,37.5608089580339
747,126.99501088612278,37.56193001353998
748,126.993389976334,37.5633661224065
749,126.992787833994,37.5633282453087
750,126.995884696821,37.5612633096703
751,126.992244584632,37.5629425843855
752,126.995341434144,37.5610758821565
753,126.995748675697,37.5648276469346
754,126.995886759502,37.5649186524425
755,126.991072265139,37.5606467620391
756,126.99559813572878,37.564836651379856
757,126.995712456095,37.5648204376551
758,126.99239064154906,37.56246416473027
759,126.991294081463,37.5608089580339
760,126.995821148945,37.5642329919936
761,126.995726040453,37.5647880022839
762,126.995680758175,37.5649141401048
763,126.995680758175,37.5649141401048
764,126.988033472394,37.5669534676886
765,126.98932405192402,37.565518304834036
766,126.98906089205313,37.569363730844536
767,126.989369170511,37.5666220290251
768,126.990745317962,37.568611543604
769,126.990745275155,37.5689575259117
770,126.990102302444,37.5691989405664
771,126.98848141257152,37.56887083116287
772,126.99059125951182,37.56953054689566
773,126.990115889077,37.5691737138295
774,126.988259487937,37.569285267257
775,126.98813724810566,37.569222185350355
776,126.990306069683,37.5690620061505
777,126.989979979848,37.5697431315274
778,126.988513052834,37.5692222225141
779,126.98809913134984,37.566901216564204
780,126.989332952711,37.5666004018559
781,126.988087807403,37.5669318492823
782,126.990727209719,37.5685899182879
783,126.989024670239,37.5693610244962
784,126.987975751188,37.5669156199968
785,126.988087804534,37.5669498691996
786,126.98815570358029,37.567047183585366
787,126.987888582967,37.5669858887653
788,126.987843319528,37.5669065964757
789,126.990710238566,37.5685268472592
790,126.99123563538181,37.56698528368805
791,126.992900492558,37.5688783875785
792,126.991265936316,37.569217052299
793,126.991021442492,37.5691701821898
794,126.991338327593,37.5696747633469
795,126.99161952170878,37.56547253928949
796,126.992389247295,37.5650437172547
797,126.991976824428,37.5689504080663
798,126.99131565838464,37.56993514936538
799,126.99166929817,37.5657104057803
800,126.991243713034,37.5656671271713
801,126.991302086372,37.569836939864
802,126.99116093327903,37.56695284226711
803,126.99292778614,37.5675341036449
804,126.99566715331854,37.565299765965726
805,126.992895972341,37.5687990996943
806,126.98921863262906,37.5744390508875
807,126.987353288888,37.5730981854768
808,126.989349111578,37.5723568635296
809,126.98717228933047,37.572395389853796
810,126.988186289905,37.5740569303127
811,126.989526833031,37.5723631863953
812,126.989178192782,37.5722766594252
813,126.98939557846,37.5719667368413
814,126.98877957005641,37.573362321165675
815,126.989825615501,37.572824521973
816,126.98965720457605,37.570969358376544
817,126.989576693308,37.5719847728735
818,126.990074825949,37.5715343182307
819,126.990165440973,37.5711018481116
820,126.989631123961,37.5712964173615
821,126.990898928415,37.5713433736571
822,126.98894040298296,37.57276542719106
823,126.98977033782849,37.571434281773186
824,126.9889199798759,37.57308392699683
825,126.989694383864,37.5722442697924
826,126.98954009859261,37.574639100636354
827,126.989599400642,37.571498237496
828,126.989454404505,37.5722298326782
829,126.989617469739,37.5718045774417
830,126.98956533726675,37.57224425845665
831,126.98990622291126,37.57107840035654
832,126.9885588476267,37.573241566662844
833,126.99008960086574,37.57108742584547
834,126.98835072682293,37.57216485728386
835,126.98817838630819,37.573927186269906
836,126.99063630953,37.571350561081
837,126.989572168388,37.5719631485912
838,126.988915455079,37.5730623026934
839,126.99185407940024,37.57350222755692
840,126.99108445144,37.5723561063431
841,127.00468216230205,37.50403530066492
842,127.002413459187,37.5039353571897
843,127.00466406715701,37.504038004397266
844,127.002719973087,37.5046228177043
845,127.0047183542326,37.504056022351506
846,127.00468555534219,37.504038003546896
847,127.004754539441,37.503970425377
848,126.997213504181,37.4991266805366
849,127.00469007748,37.5040109732022
850,127.004677638474,37.5040353008441
851,127.004684427481,37.5040875588943
852,127.004722871989,37.5039596145812
853,127.004673120149,37.5041235995621
854,126.996298015792,37.5342549826964
855,127.005493951411,37.5316456137833
856,126.997067376671,37.5342586083113
857,127.005643426634,37.5334223810015
858,126.997388517079,37.5394483786687
859,126.998234969057,37.5353686645214
860,127.005173084341,37.5380607539326
861,127.000407313951,37.5352064968777
862,126.998230443422,37.5353650604508
863,126.99623890573,37.5397618956738
864,126.99623890573,37.5397618956738
865,126.997402091978,37.5395348749764
866,127.004707090341,37.5407962097149
867,126.997497141128,37.5394231530182
868,126.997813955234,37.5395420913195
869,126.99743377576,37.5394772116638
870,126.997363627718,37.5393501691048
871,126.99714977201432,37.53945648214849
872,127.00112939891665,37.55072891250262
873,127.001154294819,37.5506856643401
874,127.00517884800654,37.555954592538384
875,127.005151681006,37.5558789099307
876,127.005174317802,37.5559077408633
877,127.005174322537,37.5559762166784
878,127.00517205357365,37.55589692899165
879,127.005169790093,37.5558969290908
880,127.0051743265238,37.55603388052197
881,127.005187903935,37.5559834240629
882,127.005169794823,37.5559654049059
883,127.004137840154,37.5594649190851
884,127.005178850002,37.5559834244604
885,127.004146891712,37.5594144629336
886,127.005169791089,37.5559113450519
887,127.00517884651,37.5559329685968
888,127.005178848755,37.5559654045091
889,127.005165268355,37.5559726130845
890,127.001733911706,37.5595839104679
891,127.00552739024,37.5554932659641
892,127.004834774915,37.5555870001099
893,127.005423311692,37.5560590972795
894,127.005423311692,37.5560590972795
895,127.00512905065,37.5559437827413
896,127.00522409098828,37.55557256756458
897,127.001444176482,37.5598217775738
898,127.005187899688,37.5559221562285
899,127.005201462792,37.5556662723159
900,127.005165268853,37.555979821065
901,127.005187902186,37.5559581961312
902,127.005178848755,37.5559654045091
903,127.005196951612,37.5558933239081
904,127.005355392679,37.5558572769248
905,127.005189025743,37.5558401653994
906,127.005186766136,37.5558960273487
907,127.000747028065,37.5638510411416
908,126.999900395927,37.5640997184529
909,126.999062835251,37.5625806347813
910,126.99906170311529,37.5626040606827
911,126.997188580034,37.5606038182567
912,126.998517257138,37.5641204320995
913,127.002240977431,37.5602866795601
914,127.00223645031114,37.56029028363352
915,127.005650232565,37.5636382731572
916,127.002141491078,37.5642222345717
917,127.00410412300518,37.56377979345836
918,127.005505308397,37.5630075824964
919,127.004513904626,37.5645825662132
920,127.005659284972,37.5636058368535
921,127.00225908536,37.5602542433263
922,127.005514362649,37.563000374102
923,127.00552341956,37.5630292055662
924,127.00226813981,37.5602542431527
925,127.005786105914,37.5642905879274
926,127.00510672228292,37.56043435387832
927,127.005405752391,37.5636527005465
928,127.005704565297,37.5636851223566
929,127.002698429626,37.5658944720562
930,127.004581922665,37.5663088721492
931,127.002947472905,37.5665828270408
932,126.998125437368,37.5718843066853
933,127.0033243905165,37.56645307361206
934,127.005401407368,37.5661790940781
935,127.001883480725,37.5664134615702
936,126.99628738054786,37.56619537719137
937,127.00270632653012,37.56516646702464
938,126.99952455267,37.5742088875887
939,127.001729536981,37.5661792049696
940,126.99925514792497,37.57266187796469
941,127.005953708041,37.5653681710601
942,127.001859735297,37.5673973494609
943,127.00279577244,37.5658980737753
944,127.003354926281,37.5658836432733
945,127.00207360339844,37.565098905120784
946,126.998166188906,37.5718770993643
947,127.004378180413,37.5662980679288
948,126.996852975867,37.574580056435
949,127.004378180413,37.5662980679288
950,127.002359100948,37.5734664452334
951,127.004350900001,37.5662692370658
952,127.001892536377,37.5664314813447
953,127.004378180413,37.5662980679288
954,127.001883480725,37.5664134615702
955,127.004378180413,37.5662980679288
956,127.00278898109,37.565898073936
957,127.002802563925,37.5659016775985
958,127.001729536981,37.5661792049696
959,126.996291907507,37.5662079912776
960,127.002933891211,37.5666116592491
961,126.998125437368,37.5718843066853
962,127.00892922561,37.535195347998
963,127.014614679043,37.541148591111
964,127.009275601237,37.5547434009233
965,127.008724415047,37.564131832012
966,127.00782009272545,37.56449319488555
967,127.007814458502,37.5647337612549
968,127.006822709391,37.5622398646594
969,127.008964439079,37.5647048476588
970,127.00855231472,37.5636344946177
971,127.009136241357,37.5627190384719
972,127.006301549898,37.5561275294872
973,127.015075984185,37.5618642846552
974,127.0077752558487,37.55781591078412
975,127.00855231472,37.5636344946177
976,127.007759499837,37.5586718591752
977,127.007777610227,37.5586898779266
978,127.007053069607,37.5565707777593
979,127.00643329075903,37.56146142540286
980,127.006405695322,37.5564194470786
981,127.007777610227,37.5586898779266
982,127.007954042277,37.5575041538078
983,127.007741233978,37.5571509769888
984,127.00772991666389,37.557153680722465
985,127.007696025504,37.5577528461651
986,127.007732176924,37.557122145666
987,127.006201956438,37.5561275347605
988,127.007700552578,37.5577528458699
989,127.006319708019,37.556722186863
990,127.007700552578,37.5577528458699
991,127.006011851842,37.5564807356182
992,127.008747765849,37.5702333741613
993,127.007669986571,37.5687125687034
994,127.01552590322476,37.57012365689172
995,127.01042314396,37.5708170831079
996,127.011722743275,37.5714692817662
997,127.01461596394,37.570906737997
998,127.00844870757297,37.56827192867193
999,127.013463817828,37.5719997821825
1000,127.006506159964,37.5664340202287
1001,127.00648356476249,37.56692776723876
1002,127.006601240897,37.566449331882
1003,127.007683575336,37.5687666275564
1004,127.01590761262376,37.565931273028845
1005,127.006397531258,37.5668277613878
1006,127.01345133537745,37.571829495527886
1007,127.00646545338988,37.56691785727723
1008,127.010463924993,37.5710333183659
1009,127.01200800237439,37.571476461057216
1010,127.010744698957,37.5713504434673
1011,127.006877315574,37.5652645063156
1012,127.012696230363,37.5713971014709
1013,127.015304533476,37.5725356499663
1014,127.015467085692,37.5703372005162
1015,127.01193213022317,37.57128996274334
1016,127.0132757855,37.5713069381996
1017,127.012048572388,37.5710547911607
1018,127.006184642995,37.5657393695808
1019,127.010359759849,37.5708603364608
1020,127.008765871252,37.5701829170768
1021,127.010314495593,37.5709648558761
1022,127.00766546105,37.568734192892
1023,127.008910787017,37.5703955411354
1024,127.010319011035,37.5708747559541
1025,127.010341653365,37.5708963778595
1026,127.023736217048,37.5030563186984
1027,127.019803105517,37.5042139346513
1028,127.024355578851,37.5018416368997
1029,127.025037601487,37.4986807650446
1030,127.02046817488662,37.496166034964034
1031,127.02045912523046,37.49615522445123
1032,127.020110792284,37.4960255392964
1033,127.022134054136,37.5005202983374
1034,127.02504665090424,37.49868797117672
1035,127.025876694819,37.5051858461464
1036,127.023503811453,37.5120844347511
1037,127.020477661948,37.514341112382
1038,127.025311663954,37.5065374763794
1039,127.023659892596,37.5120600764755
1040,127.02343373280878,37.50500255094885
1041,127.025967166523,37.505167806187
1042,127.018463350356,37.5105608307587
1043,127.02585979764349,37.50538136799544
1044,127.017207742057,37.5148921473884
1045,127.025917418615,37.5052110653671
1046,127.02039171039074,37.514388880459386
1047,127.022986984174,37.5086426991857
1048,127.02587672218539,37.50526513460704
1049,127.023532082756,37.5120664090371
1050,127.025655102782,37.5054165518347
1051,127.01808524804517,37.51856901180077
1052,127.019547659577,37.5221403547147
1053,127.025225332327,37.5188632317685
1054,127.0170007908861,37.515085893178686
1055,127.024627706459,37.5177605298481
1056,127.025220803965,37.5188524206969
1057,127.018135017187,37.5185581921304
1058,127.01822598899018,37.51587138574578
1059,127.019133421315,37.5213259160257
1060,127.01896810657,37.5207060526959
1061,127.019701508785,37.5221475371734
1062,127.01802185969942,37.51839242484523
1063,127.016600502797,37.5156716025617
1064,127.01964480432345,37.51728753591448
1065,127.018175715053,37.5184572735068
1066,127.019650468141,37.5173181690902
1067,127.0198101011809,37.52212589494396
1068,127.024076961758,37.5216926208774
1069,127.018110118464,37.5185050367572
1070,127.018139545382,37.5185726074874
1071,127.019547659577,37.5221403547147
1072,127.0180761982,37.5185672111796
1073,127.019547659577,37.5221403547147
1074,127.016596000613,37.5157725156101
1075,127.018171200842,37.5185005223592
1076,127.01831710791937,37.51844103360476
1077,127.01724698147201,37.518287123148426
1078,127.018157640711,37.5185581886546
1079,127.018085248045,37.5185690118008
1080,127.018085248045,37.5185690118008
1081,127.020746668553,37.5544680392415
1082,127.021138043337,37.5617732552879
1083,127.020833405579,37.5733348872546
1084,127.022880029364,37.573204765071
1085,127.019393495828,37.5733333305911
1086,127.02223950288608,37.57383288089383
1087,127.022660486931,37.5659499919306
1088,127.016418460362,37.5727481351226
1089,127.02391245451,37.5733270957675
1090,127.020136224933,37.5738323573913
1091,127.017781404968,37.5728416411799
1092,127.01909037125246,37.5743226723111
1093,127.019986782054,37.5737675111599
1094,127.020274294208,37.5736989865255
1095,127.023083764168,37.5731218338769
1096,127.02271021152927,37.57314713418692
1097,127.019103959164,37.5743370860289
1098,127.035750557534,37.5013990471133
1099,127.035419391722,37.499413329606
1100,127.032533083084,37.4987582272006
1101,127.035442069084,37.4995394636671
1102,127.028443937272,37.4990403964976
1103,127.035095818276,37.5039472874883
1104,127.026050872826,37.4986985660703
1105,127.03542025313,37.5012369655547
1106,127.027074116829,37.5012788174679
1107,127.035604732295,37.4991501800833
1108,127.03398401702526,37.498798363998404
1109,127.029998763074,37.4958720731065
1110,127.029212258655,37.4972994646882
1111,127.02937281082282,37.49722464133762
1112,127.031864109087,37.4999477377045
1113,127.0298993430923,37.4961063600543
1114,127.029804395724,37.4962145048481
1115,127.034991841012,37.5040986872525
1116,127.03553903333211,37.501309010351044
1117,127.03187655927627,37.49997206151022
1118,127.02753230223645,37.50480704962971
1119,127.031098241386,37.4966142182906
1120,127.028588518369,37.4985898584585
1121,127.026133911239,37.5033333223158
1122,127.03100815825,37.4975440807169
1123,127.035653957733,37.5015959460867
1124,127.03292720284,37.5000663789749
1125,127.032741765626,37.5001349069778
1126,127.028925861321,37.5053401117587
1127,127.029817488009,37.5063886601098
1128,127.0294744983298,37.50562829782134
1129,127.030156794434,37.5064101980971
1130,127.028921313779,37.5052788445129
1131,127.028835351309,37.505257241401
1132,127.026066812534,37.5055137702698
1133,127.029482416614,37.5056318998663
1134,127.030193012329,37.5064750612131
1135,127.029667123421,37.5065337597915
1136,127.028925850197,37.5053112795924
1137,127.030613568333,37.5060496785465
1138,127.02886703666,37.5053040859372
1139,127.03115185239454,37.505890960907074
1140,127.031491573272,37.5069036005746
1141,127.032292156836,37.506521358284
1142,127.03114277607,37.5058224869054
1143,127.03117909195993,37.50612161104459
1144,127.031129223718,37.5058693427478
1145,127.031496088188,37.50688197525
1146,127.032092899711,37.5060492859001
1147,127.035297670476,37.5050987122337
1148,127.031314688629,37.505829649499
1149,127.031496095759,37.5068999953487
1150,127.031496095759,37.5068999953487
1151,127.031147305995,37.5058369017943
1152,127.031496095759,37.5068999953487
1153,127.031237796735,37.5058657100655
1154,127.03116090327,37.5058981665614
1155,127.031314690134,37.5058332535194
1156,127.031314688629,37.505829649499
1157,127.026291051598,37.5128334827435
1158,127.035914959761,37.5140779381457
1159,127.03135759336841,37.51106357499479
1160,127.03142112891852,37.511531179375254
1161,127.03556537612,37.5115444203337
1162,127.035941957725,37.5137679845746
1163,127.031411893074,37.5110842836685
1164,127.035883299079,37.5140995718625
1165,127.034373829379,37.5128557342293
1166,127.035912672504,37.5140256806132
1167,127.035901369197,37.5140419021201
1168,127.035883299079,37.5140995718625
1169,127.035126975245,37.5125140320849
1170,127.035883299079,37.5140995718625
1171,127.035914963215,37.5140851461761
1172,127.035901243171,37.5137788090043
1173,127.035896898277,37.5141536279655
1174,127.028492726237,37.5202932816821
1175,127.030411107786,37.5199540261832
1176,127.028755264746,37.5205527069124
1177,127.02930622071102,37.517809917866344
1178,127.029554973201,37.5175467628939
1179,127.031148780156,37.520270987006
1180,127.026786320484,37.5187475596591
1181,127.030478991342,37.5199828407824
1182,127.02876770905179,37.5205554068909
1183,127.028746210948,37.5205418970809
1184,127.034579934861,37.5231964892486
1185,127.029035299735,37.5192515899955
1186,127.029647577249,37.517164714227
1187,127.028757506065,37.5204977451863
1188,127.02887026009083,37.525418092797
1189,127.026494765249,37.5259628548982
1190,127.028870260091,37.525418092797
1191,127.035322445582,37.5624474131379
1192,127.034810943112,37.5626385763217
1193,127.031990554221,37.5630177927368
1194,127.035318464357,37.5636042937598
1195,127.033072240777,37.5622029938438
1196,127.034462435334,37.5628549177203
1197,127.035231961236,37.5625807876591
1198,127.03501486023787,37.563034954468776
1199,127.029467597564,37.5599730805877
1200,127.035141898089,37.563611554418
1201,127.042811178336,37.4999514857689
1202,127.038772925167,37.502475696686
1203,127.039872234482,37.5025546192533
1204,127.039822695409,37.5029727025837
1205,127.039976524492,37.5030122948731
1206,127.03941549989,37.5028647184769
1207,127.040347304532,37.502698618855
1208,127.040531969626,37.5012028860622
1209,127.039772786808,37.5026952096621
1210,127.03913842011,37.5006987926638
1211,127.038487898526,37.5024145215067
1212,127.0396520241311,37.50102478553413
1213,127.039922101141,37.5027528236572
1214,127.039911967816,37.5007129499417
1215,127.0391753462907,37.50210975559454
1216,127.040391592617,37.5009362363959
1217,127.038275347632,37.5025407313637
1218,127.03915772880157,37.500858264318474
1219,127.039314956789,37.5009185794944
1220,127.0399483834,37.5011382124304
1221,127.038990293005,37.5029153159027
1222,127.03717999383497,37.50131210930524
1223,127.04012948573,37.5014300769508
1224,127.04073734745462,37.50245881748291
1225,127.041307593687,37.5049760288127
1226,127.04134714989391,37.50287487023109
1227,127.042853863798,37.5034041245307
1228,127.0420927099279,37.50134289716339
1229,127.041138317523,37.501527038571
1230,127.04106654853169,37.500575601307
1231,127.04210417592938,37.501622204886274
1232,127.041357264957,37.5048102264547
1233,127.0417128123181,37.501505212970386
1234,127.042198608125,37.5046369358732
1235,127.042677097546,37.5028095248378
1236,127.04184408938349,37.50166734759042
1237,127.043288786358,37.5045104006495
1238,127.04235753212261,37.50167527365631
1239,127.042296226045,37.5012563279081
1240,127.041346352952,37.5014296573104
1241,127.04258263967422,37.50177069934083
1242,127.04319028297695,37.502357033479704
1243,127.04132713132756,37.501436872083254
1244,127.04282333594166,37.50341765068449
1245,127.04288443883809,37.50149578339365
1246,127.04410195203064,37.50259185912299
1247,127.04367096819593,37.50242443218246
1248,127.042926547745,37.503933889374
1249,127.045323544718,37.5103769814737
1250,127.036382736756,37.5083834474245
1251,127.045278285206,37.5103481666882
1252,127.037002885739,37.5090896425041
1253,127.04472098352856,37.51086285252914
1254,127.03725157690359,37.50881565890693
1255,127.044270837585,37.5051443444313
1256,127.045264723464,37.5103661919753
1257,127.04531897475,37.5103012988515
1258,127.045278285206,37.5103481666882
1259,127.045300938917,37.5104022182704
1260,127.045264714759,37.5103517759072
1261,127.039865936968,37.5077263917021
1262,127.043501283825,37.5120931788877
1263,127.040464325496,37.5099750960011
1264,127.045282839895,37.5103986211924
1265,127.036323914857,37.5083654454314
1266,127.045328058031,37.5103589596525
1267,127.045260229721,37.5104166499472
1268,127.041630234304,37.5238681644511
1269,127.041628366643,37.5225427904095
1270,127.0433453186,37.5240405399259
1271,127.038101666454,37.516841532393
1272,127.036390073797,37.5234950782312
1273,127.037481695273,37.5166399059704
1274,127.037939918944,37.5235576607121
1275,127.03687471731,37.5244463864596
1276,127.044118677191,37.523323055632
1277,127.03664990655,37.527394535352
1278,127.037997542588,37.5256497695551
1279,127.049110018057,37.503026871004
1280,127.053118932312,37.5042360877028
1281,127.05261137865303,37.50458860793772
1282,127.051612680151,37.5045070570278
1283,127.052904526186,37.5049110369099
1284,127.049110018057,37.503026871004
1285,127.053542420141,37.4954456815155
1286,127.049141761777,37.5031448895323
1287,127.049110018057,37.503026871004
1288,127.049123596438,37.5030376774252
1289,127.048065527197,37.5038057693828
1290,127.047839092798,37.5034238349718
1291,127.047825530625,37.5034382565517
1292,127.047953595067,37.4985511486802
1293,127.049110015696,37.5030232669827
1294,127.05175378791695,37.505764798611686
1295,127.04690729320436,37.510816053327744
1296,127.05519884878919,37.507418385220326
1297,127.04942364630254,37.50528465974229
1298,127.054061850223,37.5069530915151
1299,127.05144903905901,37.50666323380119
1300,127.049790263276,37.5123682046347
1301,127.054436018247,37.5051292853646
1302,127.052881006783,37.5068419014281
1303,127.05012519448,37.5057979370928
1304,127.052181832026,37.5097794878668
1305,127.054245999125,37.5051077486518
1306,127.051885630429,37.5067017860543
1307,127.05145791633772,37.50641455254583
1308,127.05152909393088,37.50630549990598
1309,127.046907293204,37.5108160533277
1310,127.055247327401,37.5072084284154
1311,127.04938774874715,37.51259722866781
1312,127.049781224192,37.5123826245108
1313,127.04821545346677,37.511835463477176
1314,127.055238433391,37.5074174657112
1315,127.04680362059425,37.511432381424775
1316,127.055532738308,37.5077452934869
1317,127.051944205034,37.5063593783997
1318,127.050129173398,37.5117481704052
1319,127.05151625492567,37.50572615921971
1320,127.051541180512,37.5057901197124
1321,127.048030655047,37.5058636796808
1322,127.05227913035456,37.52441354228745
1323,127.054264116487,37.5238846595983
1324,127.055635110582,37.5237650894249
1325,127.048467648289,37.5240241329056
1326,127.05241935163386,37.52433419193352
1327,127.054268568416,37.5237837452867
1328,127.05426628371869,37.52375311225531
1329,127.05375129158769,37.52337492673874
1330,127.05324934002039,37.523829259330256
1331,127.048490296782,37.5240601637037
1332,127.05282066921,37.5239357701019
1333,127.05566224462,37.523743452583
1334,127.051915776037,37.5240983517535
1335,127.048467648289,37.5240241329056
1336,127.054241449616,37.5238270058585
1337,127.048485755419,37.5240349375019
1338,127.054141917384,37.523852279594
1339,127.05240464395497,37.524332396455726
1340,127.054200787002,37.5239135207537
1341,127.052829693852,37.5238997259707
1342,127.052372988748,37.5243612425709
1343,127.052391086442,37.524357630535
1344,127.054496903773,37.5453067457459
1345,127.054330571357,37.5453203373795
1346,127.053575248794,37.5666716192785
1347,127.053601621665,37.5655651843295
1348,127.06317568660252,37.50991107227255
1349,127.057068909754,37.5051100226147
1350,127.06428310006892,37.50873196084404
1351,127.060836182305,37.509292409239
1352,127.05718910146406,37.51292708065328
1353,127.064649658565,37.5088542974227
1354,127.05811853031,37.5110453302872
1355,127.05871822555,37.508453744724
1356,127.057569468606,37.508926436627
1357,127.057282824987,37.5127216063155
1358,127.060817781634,37.5089176008004
1359,127.060831587969,37.5092059151656
1360,127.063514067305,37.5141492142929
1361,127.060890422253,37.5092311129804
1362,127.058100427726,37.5110381311583
1363,127.058816424151,37.5125226317312
1364,127.060799968699,37.5092671997563
1365,127.060917546587,37.5092058708668
1366,127.06354417412926,37.506967292293574
1367,127.064147234936,37.5085662498475
1368,127.06548692861,37.5092070300109
1369,127.059412279467,37.5051016592145
1370,127.058713701458,37.5084537469728
1371,127.05859746677844,37.51023418972855
1372,127.057243657571,37.5088292864654
1373,127.058100458456,37.511077775333
1374,127.06426042932026,37.5086734078773
1375,127.056573802902,37.5084511872147
1376,127.058820948489,37.5125226294782
1377,127.060808955586,37.5091915107454
1378,127.06081577834065,37.50923655746207
1379,127.05811745792948,37.511121015176904
1380,127.057300925143,37.5127252015526
1381,127.060831587969,37.5092059151656
1382,127.057598914653,37.511921360941
1383,127.0571597522,37.5130045812058
1384,127.060876917154,37.5093140123622
1385,127.0608440798097,37.50926807804784
1386,127.058204443465,37.5109840196907
1387,127.060035922779,37.515582728268
1388,127.05686862661,37.521375043141
1389,127.06581032030067,37.516840155992284
1390,127.060393144434,37.5153149480801
1391,127.061334168052,37.5152243628174
1392,127.057043804328,37.5434458804588
1393,127.06342525517582,37.54058213193471
1394,127.056936123703,37.5446929154173
1395,127.05704380982,37.5434530884511
1396,127.057039297342,37.5434711106181
1397,127.057043804328,37.5434458804588
1398,127.056957309995,37.5368433951594
1399,127.061653413936,37.5622744199462
1400,127.061006080033,37.5623684598403
1401,127.060815152068,37.5614098980356
1402,127.05762395648104,37.563589657588416
1403,127.060679315754,37.5613883440075
1404,127.061006080033,37.5623684598403
1405,127.057606994248,37.5636099382823
1406,127.060987941253,37.5623324293533
1407,127.057606994248,37.5636099382823
1408,127.056205414851,37.5721953001751
1409,127.06628781420613,37.506776573486114
1410,127.066371927683,37.5123600511711
1411,127.06689399700686,37.51181014415177
1412,127.067256220435,37.5348053217057
1413,127.070830130511,37.5381297256139
1414,127.066040448703,37.5417941647161
1415,127.071006920211,37.5384251474747
1416,127.06729689933591,37.54733640212203
1417,127.06660997947182,37.546028541315394
1418,127.069049340703,37.5505573608945
1419,127.06913670147308,37.55079877729434
1420,127.069049337379,37.5505537569036
1421,127.069159969148,37.5478110529259
1422,127.06916725636,37.5507987593999
1423,127.069159972477,37.5478146569186
1424,127.068882558347,37.5513215047521
1425,127.06895299448834,37.55038893052613
1426,127.06897323478826,37.551476423491714
1427,127.066128214203,37.5642902301047
1428,127.071196630232,37.5618221565616
1429,127.066203918181,37.5628630096248
1430,127.067030772004,37.5660664852287
1431,127.071448970318,37.5700571062707
1432,127.07132274394135,37.570636522500486
1433,127.069737552842,37.5701617440826
1434,127.069610204484,37.5695500434529
1435,127.070873736334,37.5698448181277
1436,127.071362842116,37.5699526429174
1437,127.07144669264,37.5700426917255
1438,127.07099554862093,37.570575452049866
1439,127.080584905626,37.5100662631096
1440,127.08136742732019,37.510957720904756
1441,127.08180302519,37.5110853626367
1442,127.08116620882164,37.51105967281793
1443,127.08231901124,37.5112868291044
1444,127.079310121857,37.5110474185758
1445,127.082269018893,37.5110814349824
1446,127.079482043248,37.511047303017
1447,127.080327791636,37.510780033644
1448,127.079744595281,37.5111840786951
1449,127.08371698378,37.5112642224745
1450,127.079821169882,37.5108668734913
1451,127.082463775704,37.5112759160784
1452,127.084196506727,37.5112206334435
1453,127.08345004944593,37.51126170834819
1454,127.081183167919,37.5110533541339
1455,127.081493793252,37.5096295534315
1456,127.082454739077,37.5112867344367
1457,127.084211075572,37.5121072110807
1458,127.08217648811963,37.51127881930647
1459,127.084511104577,37.5334283173227
1460,127.085335030199,37.537633594854
1461,127.085190506331,37.5379003952278
1462,127.085910350936,37.5381016977534
1463,127.08010517778877,37.556457319102265
1464,127.07661144291187,37.55864185273815
1465,127.081768058334,37.5619486559086
1466,127.079249118475,37.5560254180859
1467,127.076617147944,37.5586868988834
1468,127.088048291665,37.504912594789
1469,127.088075458207,37.5049323966489
1470,127.08883667109643,37.50212789813467
1471,127.088075466675,37.5049396046833
1472,127.091888748346,37.534172439894
1473,127.09167226282473,37.53293283118506
1474,127.0918932563002,37.53415802037672
1475,127.09178053938243,37.531734415915665
1476,127.09354230086,37.5400555736052
1477,127.093047074224,37.5485478808179
0,126.91565849426718,37.58874962543581
1,126.915902910422,37.5878740352477
2,126.915543234349,37.5895496241272
3,126.90671254334565,37.58523623136171
4,126.90764143517,37.5994906504147
5,126.91635011941096,37.58789147187578
6,126.921189037102,37.5999005141928
7,126.921189037102,37.5999005141928
8,126.92529409948,37.6077381933988
9,126.92552271130329,37.60789691203256
10,126.925311120681,37.6077048675626
11,126.91798798802539,37.61306990020682
12,126.91949892438582,37.622488065865866
13,126.919527136549,37.620485190318
14,126.921687078151,37.6173908497625
15,126.920153483594,37.6194693018483
16,126.917751988227,37.6196190183675
17,126.91934073034,37.6336574850161
18,126.934141088021,37.5888055335327
19,126.934253294473,37.5886749521877
20,126.93415471376586,37.58876139250731
21,126.934135418099,37.5888154412853
22,126.93504358329358,37.58868890462126
23,126.934443802462,37.5883416909468
24,126.934076484514,37.5888802798369
25,126.935357607602,37.5894106817911
26,126.934964354213,37.5886573262599
27,126.93414895970821,37.588866805406504
28,126.934171573534,37.588901956723
29,126.926114047936,37.6031580774419
30,126.932033318079,37.609464958636
31,126.92999478414,37.6094024997322
32,126.929438332309,37.6085948819472
33,126.93020789209,37.6092008043659
34,126.929918507939,37.608616791813
35,126.930008499696,37.6092691614619
36,126.929990250562,37.6094061009997
37,126.931593696929,37.6096737341248
38,126.92997656873595,37.60950339971679
39,126.932006169669,37.6094289034288
40,126.927092121513,37.6220974683283
41,126.936481746472,37.599084427618
42,126.95600301662,37.6088204087686
0,126.968831571707,37.5783457443391
1,126.972734635076,37.5793017640344
2,126.983578894622,37.5744834508474
3,126.981063421818,37.5749606013257
4,126.984634697607,37.5818086755422
5,126.9836834090198,37.58317085005323
6,126.98423648728766,37.57501422635596
7,126.981249061885,37.5750110866582
8,126.98921863262906,37.5744390508875
9,126.98966094574826,37.576660042059075
10,126.98605243337354,37.58016904297986
11,126.988186289905,37.5740569303127
12,126.989621352476,37.5764537108645
13,126.991215214824,37.5770160607296
14,126.985681073767,37.5803167615086
15,126.986255953051,37.581581825048
16,126.989413237166,37.5751670722012
17,126.99113827446931,37.576680885073976
18,126.98954009859261,37.574639100636354
19,126.98994173659993,37.57635282722031
20,126.985487364438,37.5750945752824
21,126.989589845687,37.5750841964012
22,126.989838691166,37.5765654530802
23,126.990264406478,37.5760789519547
24,126.991106535785,37.5770268645242
25,126.989671131875,37.5766771618443
26,126.985544305641,37.5850487625479
27,126.99875475649928,37.57566849333278
28,126.998695882587,37.5761189899556
29,127.003962145282,37.5757981766234
30,126.99952455267,37.5742088875887
31,126.997595525987,37.5763532312322
32,126.996807646943,37.5757044965182
33,126.99874117458795,37.575516225107556
34,126.996852975867,37.574580056435
35,126.99665029026332,37.575773868737635
36,126.998764946552,37.5755657800601
37,126.998744569732,37.5755738887962
38,127.00040311104907,37.59513715729385
0,126.98921863262906,37.5744390508875
1,126.98966094574826,37.576660042059075
2,126.997595525987,37.5763532312322
3,126.988186289905,37.5740569303127
4,126.989621352476,37.5764537108645
5,126.991215214824,37.5770160607296
6,126.996807646943,37.5757044965182
7,126.989413237166,37.5751670722012
8,126.99113827446931,37.576680885073976
9,126.98954009859261,37.574639100636354
10,126.98994173659993,37.57635282722031
11,126.989589845687,37.5750841964012
12,126.989838691166,37.5765654530802
13,126.996852975867,37.574580056435
14,126.990264406478,37.5760789519547
15,126.991106535785,37.5770268645242
16,126.99665029026332,37.575773868737635
17,126.989671131875,37.5766771618443
18,126.99875475649928,37.57566849333278
19,126.998695882587,37.5761189899556
20,127.003962145282,37.5757981766234
21,126.99952455267,37.5742088875887
22,126.99874117458795,37.575516225107556
23,126.998764946552,37.5755657800601
24,126.998744569732,37.5755738887962
25,127.00040311104907,37.59513715729385
26,127.000312712397,37.6400640298773
27,127.00171995592623,37.641701106717946
28,127.001531848788,37.6406118190162
29,127.016672161833,37.5936583541298
30,127.017315384329,37.5939573907866
31,127.01794913358596,37.59250850121448
32,127.01033055919,37.5889162568154
33,127.016939344157,37.5934673058251
34,127.015081760914,37.5905123038893
35,127.015670738594,37.591467278894
36,127.015666214767,37.591492507274
37,127.01660531779,37.593488977094
38,127.0173063232929,37.59394658021464
39,127.01655664405622,37.593559261292775
40,127.015610000309,37.6475808090448
41,127.011403844047,37.6477290519111
42,127.026082369661,37.5761809874004
43,127.026784315075,37.5763934649092
44,127.02607331454,37.5761845933785
45,127.020802275865,37.5753711408507
46,127.02604613913,37.5761665794885
47,127.02179119055403,37.58147970253235
48,127.01909037125246,37.5743226723111
49,127.025928303777,37.575871079241
50,127.026126492429,37.5761034921204
51,127.02522647025263,37.575968538708615
52,127.026068780069,37.5761665744909
53,127.019103959164,37.5743370860289
54,127.01854703517914,37.592710230973715
55,127.018284320098,37.5926201727693
56,127.0187522796899,37.593900408764924
57,127.018537989314,37.5927606879427
58,127.01861410909028,37.589241400457304
59,127.019041077791,37.5941265114531
60,127.020569491465,37.6015648378635
61,127.02226189771473,37.63381269695184
62,127.023981661241,37.6337799244523
63,127.02263580534725,37.633956783510556
64,127.022907335176,37.6327458063189
65,127.01917800113985,37.624661920264224
66,127.02578655454448,37.63749520737536
67,127.02606331969199,37.63516429773773
68,127.0213218359293,37.634731875853966
69,127.02564146911,37.6373078340994
70,127.02453066528,37.6358196427139
71,127.02456809094346,37.635935862032305
72,127.022282743357,37.6353299526301
73,127.025686820327,37.6374015266835
74,127.0257184368059,37.63709158092045
75,127.020528778531,37.6347212046786
76,127.02688701462746,37.638437392027924
77,127.024458713986,37.637520717697
78,127.036642125933,37.59469899429
79,127.034747115158,37.6006569207996
80,127.03077410323,37.6104643981571
81,127.03105549000985,37.61169147159689
82,127.0309294226817,37.61084547596866
83,127.037026387347,37.6046512190707
84,127.031190860639,37.610399417522
85,127.030669899704,37.6104464055002
86,127.031186324357,37.6103850028936
87,127.035708875607,37.6510902721057
88,127.033385696453,37.6456850521573
89,127.047631053735,37.5817712341459
90,127.04581585536535,37.581133148169556
91,127.043356655681,37.5826882908633
92,127.0400552805,37.5910686901224
93,127.040523485883,37.6025723866687
94,127.0383442025723,37.60306435447981
95,127.043689315614,37.6327039019086
96,127.040412853516,37.6576100654257
97,127.043632795324,37.6677809956902
98,127.050508739838,37.5848370190848
99,127.052203942773,37.5869337929991
100,127.056634989922,37.5893644299725
101,127.05663501723,37.589400469653
102,127.0516003227,37.5916336346346
103,127.055117628243,37.5891597220085
104,127.0565570053639,37.58955007178421
105,127.051059457598,37.5954829064777
106,127.05307460921296,37.594901779017896
107,127.051199040229,37.6537334555044
108,127.051609306288,37.6537900386284
109,127.051407555771,37.6537369687519
110,127.050463911677,37.6525516830932
111,127.057672852117,37.6548188548993
112,127.057550231386,37.6545197886466
113,127.05745976698518,37.654772107802266
114,127.05789365194572,37.65458449133738
115,127.057718184487,37.6548224366571
116,127.065826700218,37.5920842618863
117,127.062244789853,37.6037378209051
118,127.0623068432098,37.6021015898789
119,127.058645292377,37.5944126071609
120,127.061815667726,37.6106792702443
121,127.066046464053,37.6152540008398
122,127.05936394096,37.6551892207142
123,127.058552002598,37.6545084838864
124,127.058076111353,37.6545952134397
125,127.058221438526,37.6549447229456
126,127.05801172367467,37.654861034908755
127,127.058606586231,37.654748118085
128,127.063091356232,37.6553909080533
129,127.062442091082,37.6554939654846
130,127.058402793847,37.6549914843783
131,127.059386648917,37.6552432682197
132,127.074473746932,37.5793462922084
133,127.073641934166,37.589971323314
134,127.07744787752199,37.61332796359173
135,127.07678025751856,37.6183369932333
136,127.07569748732635,37.61617892556517
137,127.075805997862,37.6159581138089
138,127.07665147014188,37.61646031904398
139,127.07392231596,37.6215922843045
140,127.073933628138,37.6215769604328
141,127.074484069392,37.6260500146613
142,127.079248397861,37.5809865957968
143,127.079609064145,37.587978058624
144,127.086597167613,37.5879839506215
145,127.078459641581,37.5942461283863
146,127.07865159645462,37.60771760996796
147,127.082774714738,37.6288087162554
0,126.897213756283,37.4613760415223
1,126.896855721606,37.4652902634709
2,126.89717227494756,37.46525449890566
3,126.900042201659,37.461075367466
4,126.89844449114,37.4673567565236
5,126.897484545198,37.4716663614286
6,126.898899494134,37.4711224693973
7,126.898895671717,37.4680851600525
8,126.898376491361,37.4674864436099
9,126.898376491361,37.4674864436099
10,126.898381027614,37.4674756353823
11,126.89888439029444,37.48317255420732
12,126.89693793891085,37.48526751835009
13,126.89704451450376,37.48258260682533
14,126.899549663399,37.481143149556
15,126.90095563269922,37.48324368629755
16,126.89800677217,37.4766944474633
17,126.89657322984063,37.48490589543213
18,126.896525705798,37.4849319830538
19,126.895363973877,37.4812620540395
20,126.89654383126113,37.484906770701244
21,126.8987281329964,37.483341990141696
22,126.898802839549,37.4832797043771
23,126.898586204367,37.4829479475605
24,126.89872292368308,37.48301311763637
25,126.89653249974185,37.48492478093932
26,126.896620140547,37.4853249052161
27,126.89697976883625,37.485271158863235
28,126.900959537458,37.4939891051813
29,126.90423261315749,37.485606128317244
30,126.912843335826,37.4811933479659
31,126.90781105425722,37.48021283519194
32,126.914973236271,37.4813462693724
33,126.917386814784,37.482631017904
34,126.926791704709,37.4846662905985
35,126.92925235770672,37.48551924242793
36,126.931363523858,37.4853105528299
37,126.931305029104,37.4849825518392
38,126.931951683519,37.4850802349419
39,126.93069052066359,37.48558316542166
40,126.930418056505,37.4855514699862
41,126.93143686533658,37.4854772819287
42,126.930590132887,37.485320913109
43,126.93211452289678,37.4850551003867
44,126.93064931104931,37.48490648407475
45,126.930436768888,37.4848811308952
46,126.929016091388,37.4854713472823
47,126.930463968371,37.484812670278
48,126.926823493363,37.4845329610646
49,126.929611570263,37.4870899139959
50,126.928210384282,37.4861664387247
51,126.932361441019,37.4870843122232
52,126.950610647726,37.4806889819824
53,126.95057010027158,37.48045470268411
54,126.953012796875,37.4795006296846
55,126.951434332079,37.4797558780274
56,126.95357572321203,37.479672043946785
57,126.95144441411448,37.479900043631105
58,126.9496554135,37.4788144798334
59,126.95459344308105,37.4830962732481
60,126.95459796455475,37.48309807700293
61,126.980880603523,37.4752052038298
62,126.981002965402,37.4741564479445
63,126.980989362808,37.4743006073653
64,126.981039175301,37.4740231042695
65,126.980894200526,37.4750844707008
66,126.980882865485,37.4752016001561
67,126.980264100829,37.4852017988582
68,126.980414319458,37.477154912568
69,126.981372153369,37.480676211944
70,126.980588173878,37.4868642127649
71,126.991927543535,37.4800935506808
72,126.985962132895,37.4942388193984
73,126.98625040965317,37.49467313865913
74,126.989799992867,37.4950248911477
75,126.99690215308966,37.48041995114017
76,127.012853494146,37.4852144611646
77,127.01260504272872,37.48698046409431
78,127.0129938616929,37.486814546376145
79,127.01383626257963,37.4863712448072
80,127.00997816576,37.4935184263922
81,127.013613538745,37.4864938077948
82,127.010611227812,37.4922101087542
83,127.010484573037,37.4921560596231
84,127.012993857426,37.4861370783204
85,127.013577312231,37.4862487377322
86,127.013386185018,37.4923566911128
87,127.01390316468525,37.487403792263216
88,127.009177373032,37.491986779021
89,127.013967420018,37.4863568132433
90,127.013863402487,37.4863892617898
91,127.02341958979963,37.45970343511689
92,127.014671606904,37.4851637929128
93,127.018609871917,37.49481393110293
94,127.017961843532,37.4945230061687
95,127.021751223241,37.4868043387001
96,127.014002612685,37.487113655921
97,127.014477318309,37.4861333018239
98,127.01480637724559,37.48628012538527
99,127.016865463172,37.4867276504611
100,127.014513498206,37.4861224852862
101,127.015767547711,37.4920617678982
102,127.018653980316,37.4948400533467
103,127.033929162543,37.4650276670674
104,127.032704228685,37.4659146076048
105,127.033653770902,37.465961193586
106,127.032794775773,37.4661812818489
107,127.032338289047,37.4666211011303
108,127.03214833363,37.4665058235273
109,127.032808373484,37.4662569630196
110,127.032760901925,37.4662677883249
111,127.033066995547,37.4682859679083
112,127.033762895467,37.467312679236
113,127.032021637572,37.4662896152331
114,127.032424349902,37.4669706698793
115,127.03282191135,37.4661956904952
116,127.032844525389,37.466210100392
117,127.032767627624,37.4661380408395
118,127.032826470716,37.4662821863086
119,127.032794807259,37.4662533627403
120,127.032789843555,37.4859422289901
121,127.029193779675,37.4846880676666
122,127.030127360034,37.4894496609502
123,127.032695087549,37.4864504238735
124,127.028848186284,37.4915835660894
125,127.03002882470966,37.491871594253716
126,127.028143263802,37.4933893546374
127,127.030159210487,37.4899217808431
128,127.028496646021,37.494899357645
129,127.029998763074,37.4958720731065
130,127.032658921102,37.4864864742026
131,127.03062066441684,37.490191964427765
132,127.028896637834,37.4882029735788
133,127.028663419124,37.4933603973536
134,127.028690041264,37.4920088800693
135,127.02788272328155,37.49396070041955
136,127.029495255511,37.4922681718846
137,127.0290178142064,37.491615960813135
138,127.028897967897,37.4916556345133
139,127.036674156959,37.4844742455426
140,127.037063674388,37.4856274146963
141,127.043069385611,37.4927072986839
142,127.040225379624,37.4946688925659
143,127.048041870127,37.4739355702599
144,127.046641410362,37.4761309913882
145,127.045922845909,37.4768773088294
146,127.046284082195,37.4833356010403
147,127.0467047730882,37.4762156612706
148,127.053542420141,37.4954456815155
149,127.052013489037,37.4888473876161
150,127.051505891218,37.4873447289015
151,127.052455953015,37.4877299422983
152,127.12348988850552,37.48180157705398
153,127.12348988850552,37.48180157705398
154,127.118756922158,37.4938267698431
155,127.119169066154,37.4941615292565
156,127.118339093102,37.487019179568
157,127.119123742338,37.4941039105499
158,127.118720833517,37.4938880745609
159,127.118774980725,37.4938051275312
160,127.11994976955,37.4958546311469
161,127.12684796567646,37.46381837092178
0,127.107197408371,37.5472798907195
1,127.110890191492,37.55514849882434
2,127.1111289816975,37.55438332760274
3,127.109258394631,37.5560302943436
4,127.109267448554,37.5560302859651
5,127.11114593334194,37.55436709369425
6,127.110859625522,37.5551422205462
7,127.111148266355,37.5544139433612
8,127.10918742198108,37.5539274323171
9,127.110891329894,37.5551530027415
10,127.110882254719,37.5551385953082
11,127.11023055791013,37.55525993915067
12,127.11133117628708,37.55488679463355
13,127.110157641868,37.5549302422016
14,127.110882260059,37.5551421992922
15,127.111611161016,37.5582229223138
16,127.11171591908827,37.55864809370246
17,127.110440090563,37.5592043079427
18,127.125058386577,37.545718013845
19,127.125030765469,37.5400201253447
20,127.128186544201,37.5380525628294
21,127.126112058382,37.5397702996889
22,127.12875282340447,37.538369098673435
23,127.125025619654,37.5396489190089
24,127.124867000415,37.5395229469062
25,127.125631833331,37.5394896997185
26,127.126834615006,37.5388252783133
27,127.126112580404,37.5400802429429
28,127.12474409577766,37.539779861659916
29,127.12501618863539,37.53942187711407
30,127.12645866556,37.5386490855747
31,127.12631650376323,37.53888890362557
32,127.121976040179,37.5457752979609
33,127.12176948207869,37.54540069572076
34,127.12521563197176,37.53960186570876
35,127.126062212545,37.5424228947717
36,127.125420553765,37.545753669671
37,127.135017948675,37.5290385503813
38,127.1335066638537,37.53421561622072
39,127.136918000869,37.5361434546008
40,127.138219726027,37.5376772418557
41,127.138898750193,37.536535779444
42,127.136496376573,37.5357438986981
43,127.138905548887,37.5365411774464
44,127.137545964023,37.5379987844155
45,127.138089553126,37.5382612419097
46,127.138080481425,37.5382504405222
47,127.137600499583,37.5381212568325
48,127.135348762203,37.5518298497089
49,127.143461085439,37.5284447473852
50,127.1422542539736,37.54110706037609
